name,email,password,role
John Smith,john.smith@example.com,password123,user
Sarah Johnson,sarah.johnson@example.com,secure_pass456,user
Michael Brown,michael.brown@example.com,brownie789,admin
Emily Davis,emily.davis@example.com,emily_pass01,user
David Wilson,david.wilson@example.com,davpass2024,user
Jessica Martinez,jessica.martinez@example.com,jess_secure,user
Robert Taylor,robert.taylor@example.com,rob_taylor99,admin
Lisa Anderson,lisa.anderson@example.com,lisa_pass123,user
James Thomas,james.thomas@example.com,james2024,user
Maria Garcia,maria.garcia@example.com,maria_garcia1,user
William Moore,william.moore@example.com,will_secure,user
Jennifer Lee,jennifer.lee@example.com,jen_lee_pass,user
Richard Jackson,richard.jackson@example.com,richard_123,user
Patricia White,patricia.white@example.com,patricia_white,user
Joseph Harris,joseph.harris@example.com,joseph_pass,user
Linda Clark,linda.clark@example.com,linda_clark1,admin
Thomas Lewis,thomas.lewis@example.com,thomas_lewis,user
Barbara Walker,barbara.walker@example.com,barbara_walk,user
Christopher Hall,christopher.hall@example.com,chris_hall,user
Mary Young,mary.young@example.com,mary_young1,user
Daniel Hernandez,daniel.hernandez@example.com,daniel_hern,user
Nancy King,nancy.king@example.com,nancy_king1,user
Matthew Wright,matthew.wright@example.com,matthew_wr,user
Karen Lopez,karen.lopez@example.com,karen_lopez,user
Mark Hill,mark.hill@example.com,mark_hill1,user
Betty Scott,betty.scott@example.com,betty_scott,user
Donald Green,donald.green@example.com,donald_gr,user
Sandra Adams,sandra.adams@example.com,sandra_ad,user
Steven Nelson,steven.nelson@example.com,steven_n1,user
Ashley Carter,ashley.carter@example.com,ashley_car,user
Paul Mitchell,paul.mitchell@example.com,paul_mitch,user
Emily Roberts,emily.roberts@example.com,emily_rob,user
Andrew Phillips,andrew.phillips@example.com,andrew_ph,user
Deborah Campbell,deborah.campbell@example.com,deborah_c1,user
Joshua Parker,joshua.parker@example.com,joshua_p1,user
Stephanie Evans,stephanie.evans@example.com,stephanie_e,admin
Kevin Edwards,kevin.edwards@example.com,kevin_ed1,user
Carol Collins,carol.collins@example.com,carol_col,user
Brandon Reyes,brandon.reyes@example.com,brandon_re,user
Carolyn Stewart,carolyn.stewart@example.com,carolyn_s1,user
Jason Sanchez,jason.sanchez@example.com,jason_san,user
Janet Morris,janet.morris@example.com,janet_mor,user
Gary Rogers,gary.rogers@example.com,gary_rog1,user
Maria Peterson,maria.peterson@example.com,maria_pet,user
Samuel Reed,samuel.reed@example.com,samuel_r1,user
Heather Cook,heather.cook@example.com,heather_c1,user
Zachary Morgan,zachary.morgan@example.com,zachary_m1,user
Diane Bell,diane.bell@example.com,diane_bell,user
Peter Murphy,peter.murphy@example.com,peter_mur,user
Catherine Bailey,catherine.bailey@example.com,catherine_b,user
Henry Rivera,henry.rivera@example.com,henry_ri1,user
Ann Cooper,ann.cooper@example.com,ann_cooper,user
Ryan Richardson,ryan.richardson@example.com,ryan_rich,user
Kathryn Cox,kathryn.cox@example.com,kathryn_c1,user
Jacob Howard,jacob.howard@example.com,jacob_how,user
Olivia Ward,olivia.ward@example.com,olivia_w1,user
Alexander Torres,alexander.torres@example.com,alexander_t,user
Brenda Peterson,brenda.peterson@example.com,brenda_p1,user
Christopher Gray,christopher.gray@example.com,chris_gray,user
Ruth Ramirez,ruth.ramirez@example.com,ruth_ram1,user
Jonathan James,jonathan.james@example.com,jonathan_j,user
Cheryl Watson,cheryl.watson@example.com,cheryl_w1,user
Edward Brooks,edward.brooks@example.com,edward_b1,user
Anna Kelly,anna.kelly@example.com,anna_kelly,user
Raymond Sanders,raymond.sanders@example.com,raymond_s1,user
Diane Bennett,diane.bennett@example.com,diane_ben,user
Patrick Price,patrick.price@example.com,patrick_p1,user
Dorothy Wood,dorothy.wood@example.com,dorothy_w,user
Jack Bennett,jack.bennett@example.com,jack_ben1,user
Julie Barnes,julie.barnes@example.com,julie_bar,user
Dennis Ross,dennis.ross@example.com,dennis_r1,user
Joyce Henderson,joyce.henderson@example.com,joyce_hen,user
Jerry Coleman,jerry.coleman@example.com,jerry_col,user
Evelyn Jenkins,evelyn.jenkins@example.com,evelyn_j1,user
Tyler Perry,tyler.perry@example.com,tyler_per,user
Frances Powell,frances.powell@example.com,frances_p1,user
Aaron Russell,aaron.russell@example.com,aaron_rus,user
Jean Long,jean.long@example.com,jean_long,user
Jose Patterson,jose.patterson@example.com,jose_pat,user
Ethel Hughes,ethel.hughes@example.com,ethel_h1,user
Adam Flowers,adam.flowers@example.com,adam_flow,user
Diane Myers,diane.myers@example.com,diane_mye,user
Henry Ford,henry.ford@example.com,henry_f1,user
Gloria Hamilton,gloria.hamilton@example.com,gloria_h1,user
Douglas Graham,douglas.graham@example.com,douglas_g,user
Ann Sullivan,ann.sullivan@example.com,ann_sull1,user
Peter Wallace,peter.wallace@example.com,peter_wal,user
Mildred Woods,mildred.woods@example.com,mildred_w,user
Eric Cole,eric.cole@example.com,eric_cole,user
Bonnie West,bonnie.west@example.com,bonnie_w1,user
Colin Jordan,colin.jordan@example.com,colin_jor,user
Dorothy Owens,dorothy.owens@example.com,dorothy_o,user
Nathan Reynolds,nathan.reynolds@example.com,nathan_r1,user
Kay Fisher,kay.fisher@example.com,kay_fisher,user
Liam Ellis,liam.ellis@example.com,liam_ell1,user
Jean Harper,jean.harper@example.com,jean_harp,user
Benjamin Mason,benjamin.mason@example.com,benjamin_m,user
Ann Hunt,ann.hunt@example.com,ann_hunt1,user
Lucas Benson,lucas.benson@example.com,lucas_ben,user
Ann Caldwell,ann.caldwell@example.com,ann_cald1,user
Mason Sutton,mason.sutton@example.com,mason_sut,user
Florence Simmons,florence.simmons@example.com,florence_s,user
Logan Payne,logan.payne@example.com,logan_pay,user
Edith Pierce,edith.pierce@example.com,edith_pie,user
Liam Garrett,liam.garrett@example.com,liam_gar1,user
Emma Berry,emma.berry@example.com,emma_berr,user
Ethan Matthews,ethan.matthews@example.com,ethan_mat,user
Rosa Howell,rosa.howell@example.com,rosa_how1,user
Mason Carroll,mason.carroll@example.com,mason_car,user
Charlotte Bowen,charlotte.bowen@example.com,charlotte_b,user
Logan Bates,logan.bates@example.com,logan_bat,user
Amy Duran,amy.duran@example.com,amy_dura1,user
Oliver Hutchins,oliver.hutchins@example.com,oliver_h1,user
Frances Hastings,frances.hastings@example.com,frances_h,user
Elijah Upchurch,elijah.upchurch@example.com,elijah_u1,user
Ruth Farley,ruth.farley@example.com,ruth_farl,user
Lucas Wilkinson,lucas.wilkinson@example.com,lucas_w1,user
Dorothy Finley,dorothy.finley@example.com,dorothy_f,user
Oliver Wooten,oliver.wooten@example.com,oliver_w1,user
Ann Barton,ann.barton@example.com,ann_bart1,user
Ethan Hines,ethan.hines@example.com,ethan_hin,user
Alice Mccoy,alice.mccoy@example.com,alice_mcc,user
Mason Owens,mason.owens@example.com,mason_owe,user
Sara Branch,sara.branch@example.com,sara_bran,user
1234,logan.nash@example.com,,user
Rita Singleton,rita.singleton@example.com,rita_sing,user
Elijah Holloway,hari@test.com,elijah_h1,user
Beatrice Burton,beatrice.burton@example.com,beatrice_b,user
Lucas Singleton,lucas.singleton,lucas_s1,user
Natalie Fuentes,natalie.fuentes@example.com,natalie_f,user
Oliver Rosario,oliver.rosario@example.com,oliver_r1,user
Sara Rojas,sara.rojas@example.com,sara_roja,test
Ethan Walls,ethan.walls@example.com,ethan_wal,user
